Country,Country Code,1998_expenditure_rnd,1998_researchers_per_1000_employees,1998_expenditure_on_education,1998_turnover_from_innovation,1998_high_tech_exports,1998_patent_applications
Afghanistan,AFG,,,,,,
Albania,ALB,,,,,,
Algeria,DZA,,,,,,
American Samoa,ASM,,,,,,
Andorra,AND,,,,,,
Angola,AGO,,,,,,
Antigua and Barbuda,ATG,,,,,,
Arab World,ARB,,,,,,
Argentina,ARG,0.41131,,,,,
Armenia,ARM,0.22601,,,,,
Aruba,ABW,,,,,,
Australia,AUS,1.51645,,,,,
Austria,AUT,1.73155,,,,,
Azerbaijan,AZE,0.42125,,,,,
Bahamas ,BHS,,,,,,
Bahrain,BHR,,,,,,
Bangladesh,BGD,,,,,,
Barbados,BRB,,,,,,
Belarus,BLR,0.70578,,,,,
Belgium,BEL,1.82362,,,,,
Belize,BLZ,,,,,,
Benin,BEN,,,,,,
Bermuda,BMU,,,,,,
Bhutan,BTN,,,,,,
Bolivia,BOL,0.29495,,,,,
Bosnia and Herzegovina,BIH,,,,,,
Botswana,BWA,,,,,,
Brazil,BRA,,,,,,
British Virgin Islands,VGB,,,,,,
Brunei Darussalam,BRN,,,,,,
Bulgaria,BGR,0.48509,,,,,
Burkina Faso,BFA,,,,,,
Burundi,BDI,,,,,,
Cabo Verde,CPV,,,,,,
Cambodia,KHM,,,,,,
Cameroon,CMR,,,,,,
Canada,CAN,1.71643,,,,,
Caribbean small states,CSS,,,,,,
Cayman Islands,CYM,,,,,,
Central African Republic,CAF,,,,,,
Central Europe and the Baltics,CEB,0.73376912,,,,,
Chad,TCD,,,,,,
Channel Islands,CHI,,,,,,
Chile,CHL,,,,,,
China,CHN,0.64689,,,,,
Colombia,COL,,,,,,
Comoros,COM,,,,,,
Congo Dem. Rep.,COD,,,,,,
Congo Rep.,COG,,,,,,
Costa Rica,CRI,0.26656,,,,,
Cote d'Ivoire,CIV,,,,,,
Croatia,HRV,,,,,,
Cuba,CUB,0.50124,,,,,
Curacao,CUW,,,,,,
Cyprus,CYP,0.20331,,,,,
Czech Republic,CZE,1.06528,,,,,
Denmark,DNK,2.00619,,,,,
Djibouti,DJI,,,,,,
Dominica,DMA,,,,,,
Dominican Republic,DOM,,,,,,
Early-demographic dividend,EAR,,,,,,
East Asia & Pacific,EAS,2.25825606,,,,,
East Asia & Pacific (IDA & IBRD countries),TEA,0.63009841,,,,,
East Asia & Pacific (excluding high income),EAP,0.63009841,,,,,
Ecuador,ECU,0.06517,,,,,
Egypt Arab Rep.,EGY,0.1991,,,,,
El Salvador,SLV,0.08818,,,,,
Equatorial Guinea,GNQ,,,,,,
Eritrea,ERI,,,,,,
Estonia,EST,0.57074,,,,,
Eswatini,SWZ,,,,,,
Ethiopia,ETH,,,,,,
Euro area,EMU,1.74003903,,,,,
Europe & Central Asia,ECS,1.60597903,,,,,
Europe & Central Asia (IDA & IBRD countries),TEC,0.6536211,,,,,
Europe & Central Asia (excluding high income),ECA,0.66151625,,,,,
European Union,EUU,1.69872506,,,,,
Faroe Islands,FRO,,,,,,
Fiji,FJI,,,,,,
Finland,FIN,2.78655,,,,,
Fragile and conflict affected situations,FCS,,,,,,
France,FRA,2.09476,,,,,
French Polynesia,PYF,,,,,,
Gabon,GAB,,,,,,
Gambia,GMB,,,,,,
Georgia,GEO,0.35384,,,,,
Germany,DEU,2.21195,,,,,
Ghana,GHA,,,,,,
Gibraltar,GIB,,,,,,
Greece,GRC,,,,,,
Greenland,GRL,,,,,,
Grenada,GRD,,,,,,
Guam,GUM,,,,,,
Guatemala,GTM,,,,,,
Guinea,GIN,,,,,,
Guinea-Bissau,GNB,,,,,,
Guyana,GUY,,,,,,
Haiti,HTI,,,,,,
Heavily indebted poor countries (HIPC),HPC,,,,,,
High income,HIC,2.18685973,,,,,
Honduras,HND,,,,,,
Hong Kong SAR China,HKG,0.4283,,,,,
Hungary,HUN,0.65625,,,,,
IBRD only,IBD,,,,,,
IDA & IBRD total,IBT,,,,,,
IDA blend,IDB,,,,,,
IDA only,IDX,,,,,,
IDA total,IDA,,,,,,
Iceland,ISL,1.9532,,,,,
India,IND,0.70379,,,,,
Indonesia,IDN,,,,,,
Iran Islamic Rep.,IRN,,,,,,
Iraq,IRQ,,,,,,
Ireland,IRL,1.20958,,,,,
Isle of Man,IMN,,,,,,
Israel,ISR,2.92076,,,,,
Italy,ITA,1.00784,,,,,
Jamaica,JAM,,,,,,
Japan,JPN,2.87363,,,,,
Jordan,JOR,,,,,,
Kazakhstan,KAZ,0.22039,,,,,
Kenya,KEN,,,,,,
Kiribati,KIR,,,,,,
Korea Dem. Peopleâ€™s Rep.,PRK,,,,,,
Korea Rep.,KOR,2.16151,,,,,
Kosovo,XKX,,,,,,
Kuwait,KWT,0.25795,,,,,
Kyrgyz Republic,KGZ,0.21064,,,,,
Lao PDR,LAO,,,,,,
Late-demographic dividend,LTE,,,,,,
Latin America & Caribbean,LCN,,,,,,
Latin America & Caribbean (excluding high income),LAC,,,,,,
Latin America & the Caribbean (IDA & IBRD countries),TLA,,,,,,
Latvia,LVA,0.37876,,,,,
Least developed countries: UN classification,LDC,,,,,,
Lebanon,LBN,,,,,,
Lesotho,LSO,,,,,,
Liberia,LBR,,,,,,
Libya,LBY,,,,,,
Liechtenstein,LIE,,,,,,
Lithuania,LTU,0.54377,,,,,
Low & middle income,LMY,,,,,,
Low income,LIC,,,,,,
Lower middle income,LMC,,,,,,
Luxembourg,LUX,,,,,,
Macao SAR China,MAC,,,,,,
Madagascar,MDG,0.11044,,,,,
Malawi,MWI,,,,,,
Malaysia,MYS,0.39789,,,,,
Maldives,MDV,,,,,,
Mali,MLI,,,,,,
Malta,MLT,,,,,,
Marshall Islands,MHL,,,,,,
Mauritania,MRT,,,,,,
Mauritius,MUS,0.26178,,,,,
Mexico,MEX,0.30196,,,,,
Micronesia Fed. Sts.,FSM,,,,,,
Middle East & North Africa,MEA,,,,,,
Middle East & North Africa (IDA & IBRD countries),TMN,,,,,,
Middle East & North Africa (excluding high income),MNA,,,,,,
Middle income,MIC,,,,,,
Moldova,MDA,,,,,,
Monaco,MCO,,,,,,
Mongolia,MNG,0.16643,,,,,
Montenegro,MNE,,,,,,
Morocco,MAR,0.27341,,,,,
Mozambique,MOZ,,,,,,
Myanmar,MMR,0.03417,,,,,
Namibia,NAM,,,,,,
Nauru,NRU,,,,,,
Nepal,NPL,,,,,,
Netherlands,NLD,1.74206,,,,,
New Caledonia,NCL,,,,,,
New Zealand,NZL,,,,,,
Nicaragua,NIC,,,,,,
Niger,NER,,,,,,
Nigeria,NGA,,,,,,
North America,NAC,2.45268226,,,,,
North Macedonia,MKD,0.40842,,,,,
Northern Mariana Islands,MNP,,,,,,
Norway,NOR,,,,,,
Not classified,INX,,,,,,
OECD members,OED,2.14909346,,,,,
Oman,OMN,,,,,,
Other small states,OSS,,,,,,
Pacific island small states,PSS,,,,,,
Pakistan,PAK,0.10919,,,,,
Palau,PLW,,,,,,
Panama,PAN,0.26922,,,,,
Papua New Guinea,PNG,,,,,,
Paraguay,PRY,,,,,,
Peru,PER,0.10072,,,,,
Philippines,PHL,,,,,,
Poland,POL,0.66083,,,,,
Portugal,PRT,0.62468,,,,,
Post-demographic dividend,PST,2.20513019,,,,,
Pre-demographic dividend,PRE,,,,,,
Puerto Rico,PRI,,,,,,
Qatar,QAT,,,,,,
Romania,ROU,0.49541,,,,,
Russian Federation,RUS,0.95383,,,,,
Rwanda,RWA,,,,,,
Samoa,WSM,,,,,,
San Marino,SMR,,,,,,
Sao Tome and Principe,STP,,,,,,
Saudi Arabia,SAU,,,,,,
Senegal,SEN,,,,,,
Serbia,SRB,0.80135,,,,,
Seychelles,SYC,,,,,,
Sierra Leone,SLE,,,,,,
Singapore,SGP,1.73707,,,,,
Sint Maarten (Dutch part),SXM,,,,,,
Slovak Republic,SVK,0.76611,,,,,
Slovenia,SVN,1.30637,,,,,
Small states,SST,,,,,,
Solomon Islands,SLB,,,,,,
Somalia,SOM,,,,,,
South Africa,ZAF,,,,,,
South Asia,SAS,0.62731427,,,,,
South Asia (IDA & IBRD),TSA,0.62731427,,,,,
South Sudan,SSD,,,,,,
Spain,ESP,0.85102,,,,,
Sri Lanka,LKA,,,,,,
St. Kitts and Nevis,KNA,,,,,,
St. Lucia,LCA,0.64171,,,,,
St. Martin (French part),MAF,,,,,,
St. Vincent and the Grenadines,VCT,,,,,,
Sub-Saharan Africa,SSF,,,,,,
Sub-Saharan Africa (IDA & IBRD countries),TSS,,,,,,
Sub-Saharan Africa (excluding high income),SSA,,,,,,
Sudan,SDN,,,,,,
Suriname,SUR,,,,,,
Sweden,SWE,,,,,,
Switzerland,CHE,,,,,,
Syrian Arab Republic,SYR,,,,,,
Tajikistan,TJK,,,,,,
Tanzania,TZA,,,,,,
Thailand,THA,,,,,,
Timor-Leste,TLS,,,,,,
Togo,TGO,,,,,,
Tonga,TON,,,,,,
Trinidad and Tobago,TTO,0.12715,,,,,
Tunisia,TUN,,,,,,
Turkey,TUR,0.36224,,,,,
Turkmenistan,TKM,,,,,,
Turks and Caicos Islands,TCA,,,,,,
Tuvalu,TUV,,,,,,
Uganda,UGA,,,,,,
Ukraine,UKR,1.06993,,,,,
United Arab Emirates,ARE,,,,,,
United Kingdom,GBR,1.55911,,,,,
United States,USA,2.50401,,,,,
Upper middle income,UMC,,,,,,
Uruguay,URY,0.19186,,,,,
Uzbekistan,UZB,,,,,,
Vanuatu,VUT,,,,,,
Venezuela RB,VEN,,,,,,
Vietnam,VNM,,,,,,
Virgin Islands (U.S.),VIR,,,,,,
West Bank and Gaza,PSE,,,,,,
World,WLD,1.98413539,,,,,
Yemen Rep.,YEM,,,,,,
Zambia,ZMB,,,,,,
Zimbabwe,ZWE,,,,,,
